municipality,edu_high_school_and_higher_%,edu_bachelors_and_higher_%,unemployment_rate_%,median_household_income,people_below_poverty_level_%,occupancy_%,1-unit_detached_%,1-unit_attached_%,2-units_%,3-4_units_%,5-9_units_%,10-19_units_%,20+_units_%,owner-occupied_%,renter-occupied_%,KEY_total_population,median_age,demo_white_%,demo_black_aa_%,demo_american_indian_%,demo_asian_%,demo_native_islander%,demo_other_Race_%,demo_hispanic_latino_%,dem%,rep%,un%,total_waste/hh,km_label,h_label
Sharon,98.4,72.9,4.5,144333.0,2.0,94.4,85.2,2.4,5.7,2.6,0.9,0.8,2.4,88.9,11.1,5914.0,40.7,88.2,1.4,0.5,10.3,0.0,1.5,2.8,32.0,7.0,60.0,1.16111939,1,0
Southbridge,82.6,17.2,8.8,51270.0,20.7,92.5,37.7,2.6,16.1,21.7,11.4,5.8,4.3,44.2,55.8,16887.0,39.3,86.2,5.3,1.6,0.5,0.1,10.9,32.9,31.0,10.0,57.0,0.93426446,0,4
Sandwich,97.0,55.4,4.4,93333.0,7.2,66.4,83.3,4.3,2.8,0.9,1.1,1.1,6.6,81.6,18.4,3002.0,51.7,98.3,0.0,0.0,1.7,0.0,0.0,6.9,20.0,18.0,61.0,0.94063745,0,2
Shirley,98.3,15.6,1.5,65507.0,5.7,95.2,49.0,0.0,8.9,17.3,13.1,11.7,0.0,50.3,49.7,1861.0,58.1,97.0,2.1,1.3,4.7,0.0,0.0,0.0,20.0,13.0,65.0,0.660673226,0,4
Franklin,97.3,55.7,4.1,122607.0,4.0,97.9,66.6,9.8,4.8,4.3,2.9,4.0,7.6,80.7,19.3,33256.0,41.1,92.9,2.5,0.2,6.6,0.0,0.3,1.6,22.0,14.0,63.0,1.0952738990000002,1,0
East Brookfield,87.8,30.1,2.4,74821.0,6.1,76.6,88.4,0.0,8.2,0.0,0.9,0.0,0.0,86.7,13.3,1037.0,35.5,97.3,0.0,0.9,0.0,0.0,1.8,3.3,18.0,15.0,65.0,0.678402556,0,2
Groton,87.9,45.3,9.2,65303.0,9.7,100.0,50.2,2.5,13.8,7.6,8.3,1.4,16.3,55.2,44.8,1345.0,41.3,90.9,1.9,9.2,8.4,0.0,0.0,2.1,22.0,14.0,63.0,0.76858106,0,4
Cheshire,94.0,37.6,4.1,79107.0,0.0,72.2,57.9,0.0,7.4,4.0,0.0,0.0,0.0,76.4,23.6,539.0,51.8,100.0,0.0,1.5,0.0,0.0,0.0,0.0,24.0,10.0,65.0,0.827197605,0,2
Russell,97.2,20.7,7.0,49073.0,8.9,96.5,66.8,0.0,7.4,6.3,5.5,0.0,0.0,85.0,15.0,526.0,45.3,95.8,8.2,1.0,0.0,0.0,0.0,10.8,16.0,20.0,62.0,0.821309524,0,4
Chatham,97.5,65.8,5.2,81630.0,8.2,38.9,82.8,3.6,3.2,4.1,2.2,3.1,1.0,78.8,21.2,1428.0,67.4,100.0,0.0,1.0,0.0,0.0,0.0,0.0,22.0,20.0,58.0,1.970291139,0,2
Northfield,94.9,45.3,2.1,82000.0,5.9,83.9,70.2,0.0,10.2,8.9,1.8,1.8,7.2,75.5,24.5,1032.0,51.6,100.0,0.0,0.0,0.0,0.0,0.0,0.0,24.0,12.0,63.0,0.712240964,0,2
Sturbridge,99.8,47.8,0.0,102059.0,5.0,95.5,72.0,0.0,6.6,5.4,0.0,10.2,1.2,83.9,16.1,2243.0,45.0,94.1,2.6,0.0,4.1,0.0,0.0,1.8,21.0,17.0,60.0,0.39054197700000004,1,2
Edgartown,98.6,44.2,0.0,58750.0,0.0,28.0,91.4,0.0,8.6,0.0,0.0,0.0,0.0,68.6,31.4,508.0,61.0,96.1,3.7,0.0,0.0,0.0,0.2,0.6,34.0,13.0,53.0,1.871428571,0,4
Gardner,89.0,18.3,3.9,49679.0,13.9,90.2,47.4,3.2,10.7,13.2,5.5,5.6,12.6,52.0,48.0,20610.0,41.0,90.9,5.4,1.2,3.7,0.0,3.1,9.3,26.0,12.0,61.0,0.894026192,0,4
Chicopee,86.1,20.0,5.9,53225.0,13.8,93.1,47.9,5.5,13.3,12.7,8.0,3.2,6.7,58.6,41.4,55421.0,39.7,87.7,6.0,0.4,2.8,0.1,5.2,21.0,33.0,11.0,54.0,0.790975144,5,1
Topsfield,96.3,68.0,6.0,135444.0,7.8,97.2,75.9,8.3,1.5,9.6,3.1,0.0,1.7,81.1,18.9,3216.0,43.2,99.8,0.0,0.5,1.2,0.0,0.0,2.5,19.0,17.0,63.0,1.189502283,1,0
Haverhill,90.8,29.8,5.2,69426.0,12.5,94.6,40.2,12.5,12.8,12.1,6.9,5.5,9.7,57.1,42.9,63533.0,36.8,83.7,6.3,0.7,2.2,0.4,11.2,23.2,28.0,12.0,59.0,1.34274656,5,1
Medfield,97.9,69.8,2.0,127048.0,4.0,97.7,71.7,5.3,3.2,2.8,5.1,6.9,5.0,78.7,21.3,6966.0,43.5,93.0,1.7,0.5,6.1,0.0,0.0,1.2,20.0,15.0,64.0,0.99,1,0
Needham,97.8,76.0,4.0,165547.0,2.7,95.5,76.4,5.4,3.8,1.6,2.2,1.6,8.9,83.9,16.1,30970.0,43.5,87.4,3.4,0.3,10.6,0.0,0.7,3.2,33.0,11.0,55.0,1.326762012,4,0
Somerset,90.9,27.5,3.3,84115.0,3.9,94.9,82.2,1.4,7.7,4.9,0.6,0.9,2.3,80.0,20.0,18165.0,47.1,98.8,0.5,0.1,0.4,0.0,0.8,0.9,32.0,10.0,56.0,0.793781913,0,2
Plymouth,92.5,32.3,3.6,64242.0,6.5,86.6,40.8,6.9,15.7,11.2,5.1,12.1,8.2,51.7,48.3,7081.0,44.3,94.2,3.5,1.2,1.6,0.0,3.1,2.1,22.0,14.0,62.0,0.845408045,0,4
Spencer,87.5,9.6,6.8,59331.0,12.2,86.4,37.4,0.7,20.5,23.1,13.1,0.6,3.8,49.3,50.7,5792.0,44.8,91.8,3.3,1.4,6.4,0.0,0.0,3.7,20.0,13.0,65.0,0.8976154670000001,0,4
Dover,99.4,80.8,1.6,216250.0,0.5,100.0,100.0,0.0,0.0,0.0,0.0,0.0,0.0,94.8,5.2,2539.0,43.9,89.5,0.0,0.0,14.1,0.0,0.0,0.4,19.0,20.0,60.0,1.108521971,4,0
Cambridge,95.5,79.0,4.0,103154.0,12.7,90.3,8.7,5.8,12.6,17.2,10.6,7.5,37.6,34.8,65.2,116632.0,30.5,70.0,12.2,0.8,19.1,0.2,2.4,9.5,56.0,3.0,39.0,0.589961883,3,1
Lunenburg,95.3,37.3,2.6,113750.0,2.9,92.3,90.1,2.4,1.3,6.1,0.0,0.0,0.0,95.6,4.4,1778.0,44.4,99.5,0.1,0.0,4.9,0.0,0.0,0.2,19.0,15.0,64.0,0.6951628040000001,1,2
Provincetown,95.2,55.4,7.1,58313.0,10.3,35.5,40.1,8.2,13.9,25.7,6.8,1.5,3.3,78.7,21.3,2730.0,57.0,94.7,4.0,0.8,3.5,0.3,1.6,4.5,58.0,3.0,38.0,1.8999148209999999,0,4
Framingham,90.3,47.6,5.0,82709.0,8.4,95.8,50.3,6.1,6.9,6.5,3.6,6.4,19.8,53.9,46.1,72308.0,38.9,71.6,8.6,0.9,8.5,0.4,12.7,16.1,35.0,8.0,55.0,1.258724627,5,1
Lowell,81.9,24.1,5.8,56878.0,19.0,94.3,31.7,5.6,15.9,12.3,9.5,8.7,16.1,42.3,57.7,111306.0,33.5,63.2,9.4,1.1,23.7,0.3,5.1,18.1,37.0,8.0,54.0,1.2107196000000002,3,1
Greenfield,91.4,34.7,5.1,50478.0,11.4,94.6,49.0,4.6,12.5,13.6,9.4,3.0,6.9,56.3,43.7,17375.0,43.7,92.5,3.5,0.4,2.4,0.1,3.6,7.7,33.0,8.0,57.0,0.977808327,0,4
Pepperell,94.7,28.8,5.4,81675.0,14.6,91.2,50.0,10.1,7.1,12.7,5.6,4.1,9.7,58.0,42.0,2826.0,40.2,96.4,5.5,0.8,1.8,0.0,0.5,3.7,18.0,17.0,63.0,0.7084647890000001,0,2
Watertown,95.0,65.9,3.5,101103.0,7.6,94.3,23.5,9.0,32.6,10.1,3.1,3.0,18.6,51.8,48.2,35401.0,38.2,85.1,2.5,0.4,11.3,0.3,3.4,9.2,42.0,7.0,50.0,1.031868571,5,2
Beverly,95.2,50.6,3.4,80586.0,9.3,95.5,49.7,3.1,8.5,13.0,6.9,5.9,12.6,60.5,39.5,41885.0,40.4,94.5,3.7,0.4,2.8,0.3,1.1,5.1,27.0,10.0,61.0,1.2079207920000001,5,1
Saugus,91.8,28.8,5.0,88667.0,9.8,93.8,67.1,5.9,10.1,2.1,2.0,2.7,6.9,80.6,19.4,28215.0,47.1,92.4,2.5,0.4,4.9,0.0,1.5,8.6,27.0,10.0,61.0,1.278048641,5,2
Somerville,90.6,64.4,3.3,97328.0,11.5,94.7,10.3,4.1,28.9,27.1,9.2,5.1,15.4,33.6,66.4,80906.0,31.3,79.7,8.6,0.8,11.6,0.1,3.8,12.4,52.0,3.0,43.0,0.943046857,5,1
Ipswich,95.3,47.1,6.8,65893.0,9.6,94.9,37.8,10.7,14.0,22.4,10.9,2.6,0.4,57.1,42.9,4699.0,44.4,93.3,4.2,0.3,3.4,0.0,0.9,3.6,23.0,13.0,62.0,0.9020895859999999,0,4
Stoneham,95.4,46.3,3.1,101549.0,5.0,97.4,55.6,1.5,6.7,7.0,3.0,6.6,19.5,65.4,34.6,23223.0,43.8,91.2,3.5,0.3,5.0,0.1,1.1,3.3,29.0,10.0,59.0,1.166474627,1,2
New Bedford,76.4,17.0,6.4,46321.0,20.3,91.3,30.8,1.8,17.6,28.8,10.8,2.9,7.1,40.2,59.8,95239.0,36.6,67.1,10.2,0.8,2.0,0.2,25.8,20.8,43.0,7.0,49.0,1.040340716,3,1
Swampscott,97.4,57.3,3.3,113407.0,3.1,95.2,58.7,5.4,11.7,9.6,2.5,0.2,11.1,77.1,22.9,15002.0,44.8,95.7,2.9,0.2,2.6,0.0,0.8,2.5,31.0,10.0,58.0,1.120132265,1,2
Hudson,89.9,40.4,3.2,82431.0,5.7,96.6,49.3,5.6,10.8,10.6,6.2,6.9,7.4,68.9,31.1,15346.0,43.9,94.4,1.3,0.3,3.0,0.0,1.4,7.0,24.0,11.0,64.0,0.96455132,0,2
Milton,94.7,61.0,3.6,133718.0,4.7,95.3,73.5,3.6,10.9,2.2,0.8,1.7,7.2,84.3,15.7,27572.0,39.5,75.7,17.2,1.0,7.9,0.5,1.7,3.2,41.0,8.0,50.0,1.043014387,1,0
Lexington,98.4,84.7,3.6,186201.0,3.2,97.2,76.6,6.5,2.5,2.4,1.7,3.7,6.6,81.7,18.3,33340.0,45.7,67.1,2.6,0.5,32.6,0.2,1.1,2.1,37.0,7.0,55.0,1.1054998740000002,4,0
Fitchburg,85.1,21.0,8.3,57207.0,15.7,90.3,42.4,6.1,13.9,17.9,6.0,2.7,10.1,53.5,46.5,40702.0,35.5,84.4,7.4,1.4,2.9,0.4,8.6,28.8,30.0,10.0,58.0,1.116242963,5,1
Belchertown,93.2,40.5,4.4,78578.0,9.3,92.9,59.9,7.0,6.8,8.5,6.6,11.2,0.0,68.4,31.6,2874.0,42.0,92.9,1.5,0.0,9.2,0.0,0.0,5.2,26.0,13.0,59.0,1.022689769,0,2
Adams,89.3,22.9,5.3,48252.0,14.4,85.2,45.7,2.4,18.0,12.2,9.6,3.3,8.6,54.0,46.0,5335.0,43.5,97.7,2.3,0.0,0.9,0.0,0.8,1.6,31.0,8.0,59.0,0.412771084,0,4
Newburyport,96.9,62.4,3.5,109839.0,5.9,90.5,50.9,13.0,9.5,6.9,7.6,2.6,8.8,77.2,22.8,18077.0,48.9,95.7,3.0,0.1,2.5,0.1,0.3,2.8,30.0,12.0,57.0,0.956989247,1,2
Malden,87.2,39.0,5.0,65975.0,15.5,94.3,24.9,6.3,22.1,11.5,4.0,5.1,25.7,41.0,59.0,60984.0,34.6,55.7,20.0,0.6,23.8,0.2,3.1,8.5,42.0,5.0,52.0,0.9188888890000001,5,1
Marshfield,98.1,53.2,5.2,88452.0,8.2,95.8,69.8,4.0,0.4,7.0,10.5,6.7,1.7,67.3,32.7,4928.0,41.5,98.7,0.2,0.1,0.7,0.0,1.8,3.5,23.0,14.0,62.0,0.90819568,0,2
Falmouth,89.9,44.7,2.0,41343.0,8.4,65.4,60.5,7.0,5.2,10.8,5.6,1.3,9.6,55.2,44.8,3540.0,62.2,90.4,3.4,2.0,3.0,0.2,4.1,3.1,27.0,12.0,60.0,0.686170952,0,4
Westfield,89.5,32.2,4.3,67862.0,7.2,95.1,59.0,1.9,12.4,7.9,5.6,1.9,8.5,67.1,32.9,41449.0,39.6,93.5,2.3,0.3,3.1,0.3,1.8,9.5,23.0,18.0,57.0,0.8446197809999999,5,1
Peabody,90.1,34.0,4.0,73217.0,8.6,96.3,51.1,4.8,7.2,9.6,4.4,5.5,14.5,65.8,34.2,52906.0,45.8,92.6,5.0,0.6,1.5,0.0,3.1,9.9,28.0,10.0,61.0,1.4232799999999999,5,1
Kingston,97.3,39.7,2.5,90754.0,3.0,88.8,67.9,5.2,6.5,10.2,5.5,3.6,0.5,70.2,29.8,6278.0,41.9,99.1,2.4,0.0,0.0,0.0,0.9,5.3,20.0,15.0,63.0,1.0913432840000001,0,2
Amesbury,94.2,41.1,3.6,82468.0,6.3,95.6,52.7,9.5,7.0,7.5,4.9,5.9,12.5,70.2,29.8,17434.0,43.9,98.1,1.5,0.6,2.0,0.0,0.1,2.5,26.0,12.0,60.0,1.116504248,0,2
Boston,87.2,49.7,6.6,71115.0,18.9,91.5,11.9,6.3,13.4,24.2,11.0,7.7,25.3,35.0,65.0,684379.0,32.2,57.4,28.9,0.9,10.7,0.2,7.4,19.8,51.0,6.0,42.0,0.866011538,2,3
Scituate,93.9,45.2,2.1,140419.0,4.7,95.1,78.8,5.5,2.7,5.1,4.7,1.7,1.6,81.1,18.9,5558.0,51.2,97.4,0.3,0.0,0.0,0.0,3.7,0.7,24.0,15.0,59.0,1.233839236,1,0
Williamstown,94.1,69.4,4.6,82917.0,10.7,73.1,53.4,2.5,8.7,17.6,11.3,1.9,2.8,62.8,37.2,4506.0,21.4,82.5,6.7,0.5,11.5,0.1,3.5,9.1,48.0,6.0,46.0,0.71908896,0,2
Wilmington,95.3,43.5,3.2,125922.0,2.9,98.6,85.1,3.5,0.9,2.0,0.9,4.6,3.0,85.8,14.2,23377.0,42.1,89.0,4.2,0.3,7.0,0.1,1.2,1.0,22.0,12.0,65.0,1.294501905,1,0
Blandford,91.5,31.7,3.4,87500.0,2.2,70.7,92.9,0.0,7.1,0.0,0.0,0.0,0.0,92.3,7.7,278.0,54.7,98.6,0.0,1.4,0.0,0.0,0.0,0.0,15.0,20.0,63.0,0.34183333299999996,0,2
Ayer,93.1,47.9,3.7,74659.0,10.3,98.9,38.1,4.2,15.2,19.4,13.2,2.6,7.2,45.5,54.5,2910.0,43.2,92.2,6.9,3.0,2.7,0.0,0.0,7.4,23.0,12.0,63.0,0.9243939390000001,0,2
Wilbraham,92.2,50.6,1.0,111100.0,3.5,95.5,82.7,7.6,0.0,5.6,2.7,1.3,0.0,90.2,9.8,3466.0,46.7,97.8,1.5,0.0,0.9,0.0,0.4,6.8,25.0,19.0,55.0,0.660223565,1,2
Taunton,84.6,22.6,6.5,62865.0,14.2,93.5,45.7,5.9,14.3,14.5,5.9,4.0,5.9,62.4,37.6,57124.0,39.6,83.5,11.1,0.7,2.3,0.2,6.5,9.0,29.0,9.0,60.0,0.961958035,5,1
North Brookfield,92.4,26.6,3.6,73393.0,5.2,85.6,51.4,7.4,7.1,17.3,13.7,2.3,0.9,58.5,41.5,2466.0,36.9,97.8,2.0,0.0,1.6,0.0,0.0,2.1,18.0,14.0,66.0,0.690712353,0,2
Fall River,74.6,15.4,8.4,43503.0,19.7,90.1,23.3,1.5,11.9,33.5,16.5,4.7,8.5,36.3,63.7,89388.0,39.6,84.6,8.3,2.1,2.1,0.1,7.5,10.5,44.0,8.0,46.0,1.037139636,3,1
Brewster,100.0,54.0,4.4,53517.0,8.3,36.3,84.6,7.5,0.5,4.9,1.9,0.0,0.6,89.3,10.7,1637.0,63.4,95.7,4.3,0.0,3.3,0.0,0.0,0.3,26.0,14.0,58.0,0.710638359,0,4
Burlington,95.7,56.9,2.8,118721.0,3.8,93.7,65.2,4.1,0.7,0.7,6.0,7.1,15.8,73.6,26.4,27650.0,41.1,77.2,5.4,0.4,19.7,0.4,0.9,3.1,27.0,11.0,62.0,1.0966937209999998,1,0
Salem,91.2,43.0,4.0,68808.0,14.7,93.9,28.9,7.7,15.9,20.5,8.5,4.6,13.6,51.5,48.5,43252.0,37.1,82.4,8.7,1.0,3.5,0.5,8.2,17.8,37.0,7.0,54.0,0.95412471,5,1
Winchester,98.6,77.3,2.0,169623.0,2.3,97.0,72.5,8.6,6.7,1.8,1.6,2.0,6.5,86.4,13.6,22738.0,42.8,83.5,0.8,0.5,16.5,0.3,1.7,2.1,29.0,12.0,59.0,1.37745766,4,0
Rockport,97.9,58.1,3.7,81765.0,5.8,77.6,63.4,6.4,12.9,10.4,5.6,0.7,0.5,68.9,31.1,5260.0,56.7,99.5,0.1,0.2,1.1,0.0,0.4,1.0,26.0,9.0,63.0,0.980047619,0,2
Waltham,92.0,54.2,3.0,95964.0,9.3,94.2,35.8,5.6,13.4,14.2,10.0,8.7,12.1,51.7,48.3,62777.0,34.3,75.5,8.8,1.0,12.9,0.1,5.6,13.6,34.0,8.0,57.0,1.394776213,5,1
Hingham,98.4,76.9,3.8,161607.0,2.8,99.6,84.2,2.8,4.2,4.3,0.0,0.0,4.5,85.7,14.3,6461.0,43.1,99.0,0.7,0.0,0.3,0.0,0.0,0.5,23.0,16.0,59.0,1.1046300009999999,4,0
Danvers,93.7,43.2,3.7,89250.0,7.1,96.1,57.9,5.9,6.9,5.1,7.9,3.7,11.6,71.3,28.7,27586.0,44.6,93.9,3.4,0.8,3.6,0.1,1.1,5.1,21.0,12.0,65.0,1.1046224340000002,5,2
Andover,96.6,70.0,1.4,95600.0,9.5,96.3,55.6,4.6,3.7,7.8,7.9,4.9,15.5,72.0,28.0,8914.0,42.8,89.3,3.0,0.2,9.5,0.6,0.1,2.5,25.0,14.0,61.0,1.432870329,1,2
Townsend,92.4,21.3,3.1,72500.0,5.8,95.5,70.6,2.1,0.0,5.6,3.1,0.0,18.5,71.2,28.8,1310.0,39.3,95.4,1.6,0.0,2.9,0.0,0.1,6.5,15.0,16.0,67.0,0.850333333,0,2
Bourne,100.0,53.0,4.7,51595.0,7.2,66.1,84.2,2.5,1.2,2.5,1.1,6.5,2.0,78.1,21.9,1408.0,63.2,100.0,0.0,0.0,0.0,0.0,0.0,1.0,20.0,15.0,63.0,1.706473264,0,4
Duxbury,97.5,78.6,9.6,147404.0,4.0,87.8,89.7,2.5,2.5,0.0,5.3,0.0,0.0,89.8,10.2,1567.0,53.2,98.5,0.0,0.0,1.5,0.0,0.0,1.1,19.0,20.0,60.0,0.7935147220000001,1,0
Marblehead,98.6,71.3,4.9,123333.0,4.4,93.2,69.5,5.0,8.3,10.8,4.3,1.0,1.1,77.8,22.2,20500.0,47.9,96.5,1.7,0.0,2.2,0.0,0.5,5.0,27.0,14.0,58.0,0.8559275,1,0
Lawrence,67.0,10.8,9.3,44613.0,21.4,93.8,20.1,7.3,14.7,30.4,7.8,5.0,14.5,31.0,69.0,79942.0,32.3,55.2,7.6,0.5,1.9,0.3,37.6,80.6,53.0,5.0,41.0,1.5874349769999998,3,1
Maynard,96.5,51.1,1.2,105254.0,3.8,91.3,58.0,9.1,10.4,4.1,8.7,6.9,2.9,78.8,21.2,10754.0,41.7,93.8,2.2,0.4,1.9,0.0,3.4,3.4,31.0,10.0,58.0,1.157124577,1,2
Upton,97.7,50.7,4.9,89507.0,2.6,91.1,58.7,6.1,15.2,8.6,5.6,0.0,5.8,63.5,36.5,2292.0,47.9,97.9,2.4,0.0,0.0,0.0,0.7,7.9,18.0,15.0,65.0,0.938342445,0,2
Revere,84.0,22.9,5.4,62568.0,12.7,93.5,28.8,5.5,25.6,12.4,4.1,2.5,20.1,49.9,50.1,53692.0,39.2,83.1,9.0,0.9,5.4,0.1,7.0,33.6,42.0,7.0,50.0,1.014210346,5,1
Medford,92.9,53.8,2.8,96455.0,8.8,95.1,32.5,8.3,27.8,8.5,2.8,2.6,17.3,56.2,43.8,57637.0,35.3,79.0,11.4,0.7,11.8,0.1,1.7,6.5,42.0,6.0,51.0,1.0617743590000002,5,1
Marlborough,92.0,39.0,4.0,80943.0,5.6,92.6,47.4,6.4,8.2,5.8,5.2,10.9,13.3,58.2,41.8,39736.0,39.8,78.8,5.9,0.6,6.0,0.1,13.0,15.1,29.0,11.0,59.0,1.060166667,5,1
Brookfield,92.3,22.8,0.0,64063.0,6.2,100.0,62.5,2.8,13.1,21.6,0.0,0.0,0.0,61.9,38.1,690.0,34.3,94.5,1.4,0.0,7.5,0.0,0.0,0.0,18.0,14.0,67.0,1.075172414,0,4
Holyoke,79.4,21.5,6.0,40769.0,29.3,90.0,32.9,4.0,14.4,11.1,16.7,9.7,11.1,40.7,59.3,40241.0,35.2,89.7,6.3,0.8,1.1,0.1,5.0,53.9,41.0,8.0,50.0,0.956486432,5,1
Weymouth,93.8,39.2,5.8,84942.0,6.0,96.6,57.1,4.7,6.0,3.0,3.8,5.5,19.5,67.0,33.0,56734.0,42.4,85.7,6.3,0.3,7.5,0.2,1.8,3.8,29.0,10.0,60.0,1.173808767,5,1
Brookline,97.4,83.5,2.8,117326.0,12.3,94.1,18.4,5.4,7.7,14.0,15.4,6.7,32.3,48.9,51.1,59180.0,33.7,76.3,4.7,1.0,20.8,0.2,2.6,6.8,48.0,6.0,46.0,0.979263711,5,1
Warren,100.0,16.3,19.5,21000.0,17.1,75.3,41.7,0.0,22.5,16.9,6.3,6.3,6.3,50.7,49.3,510.0,42.0,100.0,0.0,0.0,0.0,0.0,0.0,0.0,19.0,14.0,66.0,1.114723183,0,4
Orange,92.2,16.1,8.6,57547.0,9.4,90.9,57.9,0.6,20.7,12.3,5.9,0.9,0.0,68.5,31.5,3772.0,43.1,97.1,0.8,0.8,3.4,0.0,0.0,3.0,19.0,11.0,67.0,0.828815903,0,4
Boxford,98.5,61.0,6.5,192417.0,0.0,100.0,97.1,0.0,2.9,0.0,0.0,0.0,0.0,100.0,0.0,2585.0,46.7,96.5,2.7,2.7,3.9,0.0,0.0,1.5,16.0,20.0,63.0,1.0612672920000001,4,0
Petersham,98.0,45.5,0.0,66458.0,4.3,84.2,86.7,0.0,2.5,10.8,0.0,0.0,0.0,76.2,23.8,259.0,51.4,98.8,5.0,0.0,0.0,0.0,0.0,8.5,23.0,12.0,63.0,1.010719178,0,4
Lynnfield,96.7,55.1,5.2,128641.0,2.0,94.1,79.9,3.6,1.3,1.5,0.8,1.0,12.0,85.1,14.9,12894.0,43.6,93.7,2.4,0.4,5.3,0.0,0.2,2.4,19.0,18.0,62.0,1.317186207,1,0
West Springfield,89.6,33.7,5.6,53053.0,11.3,97.7,52.4,3.3,9.7,10.0,6.3,2.9,13.8,58.8,41.2,28609.0,41.0,89.8,4.5,0.9,5.0,0.7,2.7,10.6,27.0,14.0,57.0,1.054472912,5,1
Springfield,78.6,18.5,8.2,39432.0,26.9,90.8,43.0,3.8,20.4,9.9,9.1,2.7,10.1,46.6,53.4,154139.0,33.4,66.7,24.3,1.1,3.3,0.2,9.1,45.0,48.0,8.0,43.0,1.17470175,3,1
Milford,86.9,34.3,5.3,80371.0,11.1,95.2,53.9,11.2,10.8,8.3,4.7,6.7,4.1,66.4,33.6,26084.0,38.2,83.0,2.9,0.7,2.9,0.0,13.2,15.5,27.0,11.0,61.0,1.4371111109999999,5,2
Lynn,76.2,18.5,5.9,56181.0,16.6,95.9,33.4,3.8,15.8,18.3,5.1,5.8,17.8,44.9,55.1,93743.0,34.5,54.0,18.2,1.1,8.3,0.3,25.3,42.8,44.0,6.0,49.0,1.242554815,3,1
Woburn,94.3,45.4,3.0,91022.0,6.3,94.4,51.7,7.2,9.0,6.5,4.7,6.3,14.4,61.3,38.7,40304.0,40.0,81.6,7.4,0.4,9.8,0.4,3.5,4.6,31.0,10.0,57.0,1.3737001780000002,5,2
Worcester,84.7,30.2,5.6,48139.0,20.0,91.3,31.7,5.7,9.6,24.0,8.3,5.8,14.7,41.3,58.7,185143.0,34.7,72.6,15.6,1.2,8.3,0.2,6.5,21.9,40.0,8.0,50.0,0.566770577,3,1
Belmont,97.0,75.4,4.0,129380.0,6.0,95.9,47.9,6.7,29.7,8.3,1.1,1.0,5.4,64.5,35.5,26113.0,41.1,80.6,2.6,0.5,19.8,0.0,0.5,4.3,36.0,7.0,56.0,0.9063608559999999,1,0
Hanson,97.8,30.8,2.7,97500.0,3.7,92.1,97.5,0.0,0.0,2.5,0.0,0.0,0.0,97.3,2.7,1769.0,44.6,99.4,1.3,0.0,0.6,0.0,0.0,1.5,18.0,15.0,65.0,0.6775,1,2
Pittsfield,90.7,28.5,5.7,51411.0,13.4,88.8,53.0,3.2,15.8,12.1,4.9,4.1,5.6,61.8,38.2,42766.0,44.4,90.6,7.9,0.7,2.4,0.1,2.5,6.8,40.0,8.0,50.0,0.979849903,5,1
Brockton,80.5,18.6,8.3,58469.0,14.8,94.0,47.4,2.9,12.3,16.0,5.7,6.0,9.4,55.0,45.0,95594.0,35.7,38.1,48.0,0.9,2.4,0.1,14.3,11.1,49.0,6.0,42.0,1.2251532809999999,3,1
Nantucket,95.1,51.4,2.2,110473.0,7.0,36.7,81.8,4.0,8.6,3.2,1.5,0.0,0.5,67.8,32.2,7984.0,39.4,91.8,5.8,0.9,2.0,0.3,2.0,5.1,30.0,13.0,56.0,1.6384826959999998,1,2
Winchendon,91.1,25.3,4.1,56773.0,12.3,86.8,46.9,5.5,11.5,24.3,5.8,5.2,0.8,50.2,49.8,3999.0,40.5,91.4,2.4,1.0,5.8,0.0,1.5,4.1,18.0,14.0,65.0,0.926687565,0,4
Gloucester,92.5,39.9,4.4,72574.0,10.0,88.1,56.1,5.5,15.3,11.7,4.0,2.3,5.2,64.0,36.0,30162.0,50.9,95.8,3.2,0.4,2.4,0.0,0.5,2.4,27.0,9.0,63.0,0.7677665370000001,5,1
Northborough,94.4,58.7,2.9,114303.0,3.3,94.8,74.4,6.3,5.7,6.7,3.7,1.0,2.2,76.0,24.0,6298.0,44.6,90.5,1.7,0.4,8.4,0.0,1.5,3.2,22.0,13.0,64.0,0.600190484,1,2
Westborough,94.3,55.2,2.4,87557.0,6.8,93.8,44.8,2.9,16.0,6.6,5.7,5.0,19.0,55.3,44.7,3957.0,41.5,91.9,1.3,1.7,5.8,0.0,0.5,5.9,26.0,13.0,60.0,1.355569449,0,2
Orleans,97.8,40.4,4.8,54750.0,10.4,59.9,54.8,7.2,6.2,9.6,4.8,4.2,13.1,72.4,27.6,1798.0,61.9,86.4,11.5,0.0,0.0,2.1,2.1,3.5,26.0,17.0,56.0,0.7840522879999999,0,4
Deerfield,98.4,74.6,8.1,90963.0,38.9,100.0,74.2,0.0,16.8,9.0,0.0,0.0,0.0,58.1,41.9,621.0,40.0,76.3,28.8,0.0,9.0,0.0,1.3,9.5,31.0,9.0,59.0,0.685770691,0,2
Norwood,94.7,47.4,3.0,90133.0,8.1,95.0,47.3,7.3,9.6,10.8,5.6,11.7,7.6,57.5,42.5,29306.0,40.8,85.7,8.0,0.6,5.8,0.1,1.5,6.8,32.0,9.0,58.0,1.081100727,5,2
Barre,97.6,34.5,3.8,50268.0,2.7,92.6,65.6,0.0,19.1,1.8,13.5,0.0,0.0,74.5,25.5,986.0,55.8,100.0,0.0,0.0,0.0,0.0,0.0,0.0,19.0,13.0,65.0,0.940147727,0,4
Arlington,96.6,70.9,3.3,108389.0,5.2,94.3,38.4,5.6,25.0,7.2,3.0,4.8,15.9,58.0,42.0,45304.0,40.7,83.3,4.0,0.5,14.9,0.0,1.2,4.9,46.0,5.0,48.0,0.839643543,5,1
Wakefield,94.5,51.2,3.1,100278.0,4.2,96.3,58.8,4.5,13.2,7.2,3.5,2.1,10.6,74.5,25.5,26993.0,43.9,94.7,2.2,0.1,3.2,0.1,1.2,3.5,28.0,11.0,60.0,1.309099199,1,2
Wellesley,97.9,83.8,4.6,197132.0,4.4,94.7,81.1,3.5,2.1,3.7,1.4,0.9,7.3,80.9,19.1,28747.0,35.6,83.3,3.6,0.4,14.8,0.3,1.2,5.1,29.0,15.0,55.0,0.7207303970000001,4,0
Dedham,95.2,53.3,3.7,100757.0,4.5,94.9,65.1,4.1,8.0,4.9,2.6,1.5,13.3,72.1,27.9,25283.0,42.9,86.6,8.5,0.4,3.7,0.1,3.3,8.7,34.0,9.0,56.0,1.126286914,1,2
Quincy,88.2,45.1,5.1,77562.0,11.3,94.2,33.0,4.8,12.8,11.2,5.5,5.0,27.5,46.2,53.8,94207.0,39.7,62.7,5.8,0.4,31.4,0.3,1.4,3.1,36.0,8.0,54.0,0.994668096,3,1
Barnstable,93.7,38.6,4.4,72733.0,7.9,71.2,81.9,2.8,2.5,4.8,3.7,1.4,2.8,75.0,25.0,44406.0,48.3,91.4,6.7,0.8,1.2,0.2,1.6,5.9,23.0,15.0,60.0,1.187402562,5,1
Melrose,95.9,61.6,2.8,106955.0,4.1,96.1,57.2,3.2,9.8,2.8,3.6,4.8,18.2,65.8,34.2,28113.0,41.3,90.6,4.3,0.1,6.9,0.0,0.5,3.2,34.0,10.0,55.0,1.050758001,1,2
North Adams,84.0,23.0,5.5,41471.0,19.4,84.5,44.7,1.4,14.0,17.2,10.5,0.8,7.3,57.4,42.6,12959.0,42.4,93.9,4.9,2.0,1.1,0.2,3.3,6.6,33.0,7.0,59.0,0.769455833,0,4
Longmeadow,95.3,65.1,2.7,122035.0,2.2,97.6,91.5,0.7,0.9,0.8,0.3,1.9,3.7,90.1,9.9,15791.0,45.0,92.3,1.1,0.4,7.5,0.4,1.1,6.8,30.0,18.0,50.0,1.002168413,1,0
Huntington,84.8,11.6,3.4,52500.0,9.0,90.3,60.7,1.7,7.2,11.1,9.1,1.9,0.0,63.2,36.8,634.0,40.9,97.5,0.0,2.8,0.0,0.0,2.1,2.1,19.0,14.0,65.0,0.93591195,0,4
Dennis,93.2,51.0,5.5,90795.0,2.5,44.2,85.5,5.0,3.8,3.6,0.6,0.0,1.4,83.6,16.4,2307.0,65.9,97.2,0.0,2.2,0.8,0.0,2.0,0.3,24.0,14.0,61.0,0.667045939,0,2
Athol,87.9,17.0,10.0,49653.0,17.3,86.7,61.0,3.0,12.3,9.0,6.0,4.7,3.7,63.4,36.6,8617.0,39.3,93.5,3.6,0.5,1.2,0.0,4.8,6.5,17.0,12.0,68.0,0.815767824,0,4
Clinton,86.7,25.6,4.4,53972.0,11.0,88.6,32.8,6.1,18.2,22.3,9.5,3.1,7.3,44.8,55.2,7154.0,36.2,88.0,5.7,0.0,0.3,0.0,6.8,22.9,29.0,11.0,59.0,0.731580764,0,4
Attleboro,90.8,31.6,4.8,74962.0,8.6,92.4,56.5,5.9,8.8,10.2,5.1,4.2,5.6,69.0,31.0,44789.0,41.5,89.6,5.2,0.4,4.5,0.2,1.8,6.6,23.0,12.0,63.0,1.007598677,5,1
Northampton,93.8,60.1,3.7,66522.0,13.7,93.6,46.7,6.0,11.0,11.2,10.6,5.6,8.9,55.5,44.5,28516.0,40.0,92.3,3.5,1.1,5.3,0.3,2.2,8.7,51.0,3.0,44.0,0.594204276,5,1
Newton,97.4,79.2,2.8,151068.0,4.3,94.2,56.8,7.8,16.2,4.4,2.2,2.9,9.5,72.0,28.0,88593.0,41.0,79.9,4.0,0.3,17.1,0.1,2.3,4.9,42.0,7.0,50.0,0.9553968420000001,4,1
Randolph,86.0,28.1,6.5,82510.0,8.6,95.6,60.2,10.8,3.2,2.5,3.4,6.2,13.6,67.9,32.1,34064.0,40.7,34.7,47.5,0.7,13.2,0.0,7.1,8.8,49.0,5.0,45.0,1.269748895,5,1
Reading,97.5,64.4,3.1,132731.0,2.8,97.6,73.5,3.4,3.6,2.9,2.4,4.1,10.1,84.1,15.9,25132.0,43.2,94.0,0.6,0.1,4.9,0.2,1.5,3.0,27.0,13.0,58.0,1.20672736,1,0
Braintree,93.8,43.4,3.5,96522.0,4.6,96.0,61.2,4.6,5.5,5.2,5.8,6.7,11.0,73.0,27.0,37220.0,41.5,82.2,3.5,0.8,14.5,0.0,0.9,2.1,31.0,10.0,58.0,1.387532077,5,2
Chester,90.4,15.6,2.6,65250.0,13.2,95.8,77.9,1.0,11.0,5.2,0.0,4.9,0.0,69.2,30.8,787.0,43.6,99.5,1.3,0.0,0.0,0.0,0.0,0.5,17.0,18.0,62.0,1.2432110090000001,0,4
Abington,94.7,39.1,4.3,99381.0,4.1,94.3,58.9,6.0,5.0,11.7,6.1,8.0,4.3,73.3,26.7,16436.0,42.2,93.2,3.0,0.3,4.9,0.0,1.4,2.6,24.0,11.0,64.0,1.1680963,1,2
Methuen,88.3,28.1,6.0,77484.0,9.2,95.8,60.6,6.9,9.0,7.5,2.9,5.8,6.9,71.8,28.2,50282.0,40.7,78.1,6.8,0.9,4.6,0.0,13.4,29.5,32.0,11.0,55.0,1.37638742,5,1
Walpole,93.2,46.9,2.9,94375.0,4.2,96.8,52.8,17.0,6.9,2.9,12.0,7.4,1.1,72.5,27.5,6197.0,41.2,85.7,1.5,0.7,5.4,0.0,7.3,10.5,22.0,13.0,64.0,1.311594456,1,2
Agawam,93.3,33.2,3.5,68944.0,7.9,96.5,64.9,5.1,5.0,4.2,8.2,4.6,7.7,75.8,24.2,28696.0,46.4,95.6,2.8,0.7,2.8,0.0,0.4,5.4,24.0,16.0,58.0,1.008578669,5,1
Avon,92.0,26.9,4.8,85200.0,9.8,88.1,73.0,6.4,8.4,5.1,3.0,2.1,0.5,73.9,26.1,4500.0,40.0,75.6,18.7,0.5,3.9,0.0,3.4,4.2,33.0,9.0,57.0,1.6463391,0,2
Boxborough,95.9,66.2,4.6,115395.0,4.5,95.6,52.4,6.2,1.3,2.7,9.9,16.3,11.3,68.8,31.2,5561.0,43.2,79.6,1.3,1.3,19.2,0.0,1.7,5.1,25.0,10.0,64.0,1.0511248709999998,1,2
Manchester,98.3,70.8,3.4,148854.0,3.3,90.5,69.4,1.6,8.0,10.1,9.0,0.8,1.2,76.2,23.8,5383.0,48.9,99.3,0.0,0.0,1.4,0.0,0.0,1.5,23.0,17.0,59.0,0.8084195279999999,4,0
Cohasset,98.6,70.8,2.6,145679.0,4.6,88.1,80.7,4.3,1.8,4.5,5.8,1.7,1.4,77.5,22.5,8484.0,44.0,97.5,1.5,0.1,1.2,0.2,0.4,1.4,21.0,19.0,58.0,0.825203252,1,0
Billerica,93.6,37.2,4.2,106141.0,3.5,97.3,75.1,3.2,3.5,1.2,1.6,3.5,11.9,79.0,21.0,32797.0,41.1,86.5,4.4,0.6,9.1,0.2,1.6,3.6,24.0,12.0,63.0,1.230780571,1,2
Dracut,91.3,31.1,4.1,90000.0,6.5,97.1,67.4,5.2,4.4,3.8,6.8,4.7,7.7,78.7,21.3,31294.0,40.0,89.8,5.4,0.2,4.7,0.2,1.7,6.6,24.0,12.0,63.0,1.1945339659999998,5,2
Merrimac,94.3,43.7,2.7,84609.0,3.4,97.3,66.9,6.3,8.9,5.0,1.7,1.5,0.3,87.1,12.9,6890.0,47.7,97.4,0.2,0.0,1.7,0.0,1.3,2.4,19.0,13.0,66.0,0.682680355,0,2
Worthington,94.2,36.0,1.2,80192.0,6.2,87.0,92.8,0.0,1.2,4.2,0.0,0.0,1.2,87.7,12.3,1263.0,51.6,99.1,0.3,0.2,0.0,0.0,1.0,0.8,27.0,10.0,62.0,0.975248619,0,2
Granville,95.0,32.4,5.4,87750.0,8.8,68.8,98.2,0.2,1.6,0.0,0.0,0.0,0.0,92.6,7.4,2186.0,46.6,99.4,0.5,0.9,0.3,0.1,0.5,2.3,14.0,19.0,64.0,0.5536,0,2
Freetown,89.7,30.4,6.9,85139.0,3.9,90.0,91.0,2.7,4.1,1.4,0.0,0.0,0.3,89.4,10.6,4917.0,45.3,97.0,2.2,3.4,0.9,0.0,2.1,2.1,21.0,12.0,65.0,1.046615581,0,2
Oak Bluffs,96.0,42.2,2.5,75294.0,9.8,38.3,84.2,2.5,5.6,1.2,2.8,1.8,1.4,74.2,25.8,4665.0,40.8,92.6,7.6,0.0,0.0,0.0,3.2,2.1,37.0,10.0,52.0,0.391192931,0,2
Westport,88.4,35.2,3.5,80430.0,5.6,88.3,85.3,3.6,5.6,0.8,2.2,0.0,1.7,83.2,16.8,15793.0,48.5,99.2,0.4,0.4,0.5,0.1,0.5,1.7,31.0,13.0,55.0,0.633631551,0,2
Norwell,97.4,65.4,3.4,157987.0,3.0,94.8,93.0,0.7,0.3,1.7,0.2,1.9,1.2,93.5,6.5,11054.0,42.2,96.9,0.3,0.1,2.5,0.3,0.9,2.3,21.0,18.0,60.0,1.127619718,4,0
Leverett,95.0,65.1,3.2,90978.0,6.5,96.5,86.3,2.4,8.2,0.8,0.8,0.0,0.0,88.6,11.4,2001.0,47.5,96.9,0.3,0.6,3.1,0.0,0.4,1.2,48.0,5.0,45.0,0.629589041,0,2
Whitman,94.1,29.0,3.7,86570.0,6.2,96.1,60.5,5.5,12.2,9.1,2.7,0.7,9.0,70.5,29.5,15056.0,38.0,95.1,3.5,0.4,0.9,0.0,2.7,2.5,22.0,12.0,65.0,1.015562206,0,2
Carlisle,98.7,82.2,4.3,195889.0,3.4,92.5,92.1,3.4,0.6,0.5,0.6,0.0,2.9,94.6,5.4,5224.0,50.7,87.7,0.2,0.3,13.0,0.0,1.1,0.8,27.0,12.0,60.0,1.48596875,4,0
Warwick,92.0,32.1,2.0,59375.0,7.0,71.6,91.1,0.4,0.0,4.8,1.0,0.0,0.0,93.3,6.7,792.0,54.8,98.7,0.3,1.4,1.3,0.0,0.5,2.0,21.0,7.0,70.0,0.529666667,0,4
Dudley,93.7,32.0,6.2,69071.0,5.6,93.6,67.2,2.9,7.5,11.8,7.5,1.6,1.5,67.8,32.2,11723.0,38.4,93.1,2.4,0.5,5.0,0.2,1.2,3.6,21.0,14.0,63.0,0.9954180990000001,0,4
Westminster,95.7,40.4,4.6,100972.0,2.6,93.2,91.4,1.8,0.7,3.8,0.6,1.8,0.0,90.9,9.1,7766.0,44.3,99.8,0.0,0.0,0.5,0.0,0.0,3.3,17.0,15.0,65.0,0.91888653,1,2
East Longmeadow,93.9,42.6,3.6,87748.0,4.7,95.3,87.1,0.8,2.0,1.5,2.1,1.5,5.1,82.6,17.4,16242.0,45.5,90.3,5.4,0.8,4.8,0.0,0.4,3.9,24.0,18.0,56.0,0.93721297,0,2
Monson,93.0,27.1,5.0,83008.0,6.2,94.7,81.1,1.6,5.8,4.3,3.0,0.9,0.3,82.4,17.6,8824.0,47.3,97.7,1.3,0.9,0.9,0.0,0.4,1.3,23.0,16.0,59.0,0.96387576,0,2
Dunstable,97.4,54.8,3.6,135909.0,2.9,98.8,99.1,0.0,0.4,0.5,0.0,0.0,0.0,94.8,5.2,3366.0,45.2,95.8,0.4,0.9,4.0,0.0,0.1,2.0,20.0,16.0,63.0,0.584837545,1,0
Heath,95.0,29.8,1.6,69375.0,3.2,51.5,79.2,0.0,0.3,0.0,0.0,0.0,0.0,97.8,2.2,471.0,53.0,99.8,0.0,1.3,0.0,0.0,0.0,0.4,27.0,8.0,64.0,0.5392571429999999,0,4
Windsor,97.6,40.8,3.8,85417.0,6.3,70.1,96.7,0.6,2.7,0.0,0.0,0.0,0.0,100.0,0.0,796.0,51.3,98.5,2.6,2.6,1.5,0.0,0.0,1.1,22.0,10.0,67.0,0.582871795,0,2
Douglas,96.9,39.5,3.7,99943.0,3.5,93.7,79.5,2.8,4.1,1.9,3.6,3.0,3.4,80.8,19.2,8859.0,44.1,97.7,0.5,0.6,2.1,0.0,0.3,5.7,15.0,19.0,64.0,1.075310559,1,2
Concord,95.8,74.2,2.8,152240.0,3.6,93.4,66.5,6.4,2.5,4.6,5.8,1.4,12.8,75.0,25.0,19121.0,45.8,85.3,4.8,0.8,8.6,0.0,3.3,7.2,36.0,11.0,53.0,1.484834779,4,0
Dighton,96.4,31.5,2.8,101216.0,0.5,93.7,79.7,0.0,15.7,2.3,0.0,0.0,0.0,89.9,10.1,3893.0,41.6,95.6,2.9,0.0,0.0,1.3,1.8,0.2,20.0,14.0,64.0,0.917041999,1,2
New Salem,96.3,44.4,4.9,65875.0,5.4,88.8,98.4,0.0,0.7,0.0,0.0,0.0,0.0,87.2,12.8,931.0,53.9,96.5,0.5,4.9,0.9,0.0,1.9,0.4,24.0,11.0,64.0,0.9317803029999999,0,4
Sudbury,98.9,80.5,3.6,191310.0,2.5,98.3,87.9,5.7,0.8,1.6,0.6,0.7,2.6,91.6,8.4,19122.0,44.2,87.9,2.8,0.1,12.4,0.2,0.2,2.5,28.0,13.0,58.0,0.796048182,4,0
Holliston,97.7,66.2,3.9,135340.0,2.1,98.0,83.7,3.9,2.4,3.4,0.9,1.3,4.3,91.4,8.6,14724.0,42.2,92.2,2.3,0.3,6.8,0.0,0.6,3.9,26.0,12.0,60.0,1.039130435,1,0
Paxton,96.1,56.3,0.9,120469.0,3.0,94.3,93.5,2.2,2.6,0.0,0.0,0.0,1.6,95.4,4.6,4900.0,37.5,89.0,8.6,0.5,2.1,0.2,0.7,4.0,22.0,13.0,63.0,0.937452471,1,0
Chesterfield,91.2,27.6,3.6,67321.0,7.4,77.1,89.0,3.1,4.5,0.0,0.8,1.1,0.0,87.9,12.1,585.0,54.1,97.8,0.7,0.7,0.0,1.5,0.0,1.7,27.0,11.0,61.0,0.9292891,0,4
Mansfield,96.2,54.8,5.2,120613.0,3.2,96.0,63.6,3.8,6.7,3.6,4.5,7.8,9.9,72.5,27.5,23947.0,39.3,90.9,2.6,0.4,6.9,0.1,0.4,4.1,23.0,14.0,62.0,1.046698873,1,0
Fairhaven,89.5,25.5,5.2,67394.0,7.5,89.0,72.4,3.9,10.4,5.2,1.9,0.7,5.4,75.6,24.4,16045.0,46.4,92.0,0.7,0.7,3.8,0.1,3.7,2.0,28.0,9.0,61.0,1.064296696,0,4
Natick,97.1,68.7,3.0,115446.0,2.9,95.2,57.9,4.2,7.3,3.4,7.6,7.8,11.3,68.9,31.1,35761.0,41.1,83.0,2.3,0.1,14.7,0.1,1.8,4.0,32.0,10.0,57.0,1.0198873640000001,1,0
Southwick,92.4,35.8,4.2,73776.0,7.7,93.7,80.4,6.2,3.7,2.0,0.8,4.4,2.5,81.3,18.7,9720.0,47.3,97.2,1.2,0.7,1.8,0.0,0.6,3.5,18.0,23.0,57.0,1.2252499829999999,0,4
Grafton,95.4,52.6,3.4,109670.0,4.4,99.1,69.8,9.5,1.9,4.1,8.1,3.3,3.3,79.4,20.6,7042.0,41.7,86.5,5.3,0.8,7.7,0.0,3.4,4.7,22.0,14.0,63.0,1.132556989,1,2
Wellfleet,94.5,52.8,3.0,75096.0,10.1,35.3,92.8,0.9,1.2,1.5,0.3,0.0,0.3,84.9,15.1,3515.0,56.2,93.6,4.5,0.6,3.8,0.0,1.0,1.3,40.0,8.0,51.0,0.530232699,0,2
Royalston,94.0,19.7,2.8,76250.0,7.8,85.4,89.3,0.4,6.5,0.0,0.7,0.0,0.0,81.9,18.1,1377.0,50.7,99.3,0.0,0.0,1.1,0.0,0.0,0.0,16.0,12.0,71.0,1.0217066670000001,0,2
Cummington,97.5,39.3,3.0,58438.0,9.7,85.3,87.2,0.0,4.0,5.5,2.5,0.0,0.0,78.1,21.9,933.0,50.1,99.5,0.0,0.3,1.4,0.0,0.0,1.5,26.0,7.0,65.0,0.856886447,0,4
Sutton,96.7,41.1,1.9,104710.0,2.8,95.3,87.1,5.6,2.3,2.5,1.6,0.9,0.0,90.1,9.9,9404.0,44.1,95.3,2.6,0.6,2.5,0.2,0.2,1.3,15.0,15.0,69.0,0.540333333,1,2
Plainville,97.7,43.6,5.8,96066.0,4.5,94.5,49.3,9.8,7.1,3.1,7.4,7.9,3.7,71.2,28.8,9183.0,42.0,89.6,4.8,0.3,4.6,0.0,1.4,4.5,20.0,14.0,65.0,1.049500238,1,2
West Boylston,88.2,33.6,3.1,90688.0,9.3,93.5,71.9,10.9,6.8,3.8,2.6,2.7,1.0,83.0,17.0,7693.0,42.2,90.1,6.7,1.2,2.2,0.3,1.6,12.4,20.0,13.0,66.0,0.8265201609999999,0,2
Holden,97.5,58.8,4.6,109529.0,3.4,97.6,85.5,4.3,1.2,1.7,1.4,4.0,1.7,89.2,10.8,15781.0,43.2,96.5,1.5,0.3,3.2,0.0,0.5,3.5,21.0,15.0,63.0,1.071614754,1,2
Lanesborough,94.3,39.9,8.1,67625.0,8.1,66.5,69.0,1.8,6.0,1.9,9.3,3.6,6.9,83.0,17.0,2488.0,51.2,97.3,2.3,0.3,0.2,0.0,0.7,0.8,26.0,10.0,62.0,0.7020773956,0,4
Harwich,96.2,44.4,6.2,78689.0,5.8,61.2,92.8,2.0,1.7,0.7,1.7,0.3,0.7,83.2,16.8,9116.0,55.3,93.6,4.2,0.9,0.9,0.1,2.2,2.1,25.0,16.0,59.0,0.971346327,0,2
Ashby,93.1,33.2,3.7,97958.0,4.7,93.7,95.4,0.5,2.5,0.9,0.2,0.0,0.0,92.3,7.7,3220.0,45.9,98.4,1.6,0.7,0.7,0.0,0.3,2.5,13.0,15.0,71.0,0.597782609,1,2
Montague,96.6,35.0,1.7,81042.0,7.5,95.2,68.5,5.6,12.6,5.3,3.8,0.0,1.0,69.0,31.0,2114.0,48.3,96.8,2.0,1.2,0.7,0.0,0.0,0.3,32.0,6.0,60.0,0.739923401,0,2
Rochester,93.8,48.4,5.1,103459.0,3.4,98.4,93.8,2.8,0.7,1.1,0.0,0.4,0.0,93.0,7.0,5407.0,44.5,97.5,0.6,0.0,0.9,0.0,1.2,0.6,18.0,16.0,65.0,1.410230415,1,2
Tewksbury,95.3,38.6,3.6,102934.0,5.1,97.2,70.3,10.5,1.1,1.9,2.9,4.9,8.4,85.2,14.8,30878.0,44.6,93.4,3.1,0.4,4.2,0.0,0.6,2.2,23.0,12.0,63.0,1.2764757359999999,1,2
Shrewsbury,95.1,58.6,3.8,105014.0,3.9,92.3,65.7,5.8,4.1,2.0,3.4,8.3,10.0,73.6,26.4,37086.0,41.9,76.3,4.4,0.4,20.5,0.1,1.8,4.6,25.0,14.0,60.0,0.901433925,1,2
Rockland,94.8,33.7,3.3,78011.0,8.3,93.1,51.1,12.1,6.7,4.9,6.7,2.9,8.3,75.0,25.0,17953.0,40.1,95.0,3.7,0.5,1.1,0.0,1.6,3.1,24.0,10.0,64.0,1.102320601,0,2
Colrain,94.3,33.3,4.1,62500.0,11.5,73.7,82.1,1.2,3.9,1.3,0.0,0.0,0.0,83.1,16.9,1779.0,52.8,99.6,0.9,0.2,0.4,0.0,0.0,1.6,24.0,9.0,65.0,0.561178295,0,4
Bedford,96.8,71.8,5.5,128354.0,2.9,96.4,63.1,11.5,4.1,2.4,3.0,4.6,11.2,73.9,26.1,14070.0,42.4,80.6,4.4,0.8,17.4,0.0,0.6,3.9,27.0,11.0,61.0,1.1747781720000001,1,0
Charlemont,93.4,36.3,5.0,64813.0,10.3,76.3,83.8,3.2,4.0,6.8,0.0,0.0,0.0,85.7,14.3,1371.0,52.2,96.8,1.2,0.9,3.1,0.0,0.7,1.2,22.0,10.0,66.0,0.5178181820000001,0,4
Harvard,97.4,77.6,5.4,162619.0,2.3,97.3,90.0,3.2,2.1,1.6,0.0,0.0,3.1,94.5,5.5,4731.0,46.4,94.0,0.0,0.3,5.1,0.0,1.2,2.8,26.0,11.0,61.0,0.9642643759999999,4,0
Wendell,95.8,47.1,6.0,53750.0,12.1,87.7,88.6,1.9,4.3,0.7,0.0,0.0,0.0,80.3,19.7,829.0,50.3,95.2,5.4,0.7,4.3,0.0,0.4,1.3,33.0,4.0,62.0,0.737170868,0,4
Lincoln,98.9,80.2,4.0,140125.0,6.3,95.7,65.1,10.5,0.4,8.3,4.2,0.6,11.0,74.8,25.2,4884.0,54.6,95.2,0.4,0.0,6.4,0.0,0.3,6.3,35.0,9.0,54.0,0.725297465,1,0
Otis,94.9,37.9,5.3,85417.0,4.2,66.7,94.9,1.0,1.1,0.8,0.0,0.0,0.0,92.4,7.6,769.0,59.7,99.3,0.8,1.3,0.0,0.0,0.0,1.8,21.0,15.0,63.0,0.780075,0,2
South Hadley,94.7,42.6,4.8,69346.0,9.6,96.7,61.2,6.0,8.4,9.9,5.9,2.2,6.3,72.7,27.3,17703.0,39.1,92.7,3.4,1.1,5.6,0.0,1.5,6.4,30.0,11.0,57.0,0.684224615,0,4
Goshen,99.3,49.8,2.0,68750.0,7.9,56.5,88.9,0.0,5.8,0.7,3.6,0.0,0.0,90.6,9.4,495.0,54.6,99.4,0.0,0.0,0.0,0.0,0.6,6.1,26.0,11.0,62.0,0.858965517,0,4
Littleton,97.5,56.0,4.5,123413.0,4.8,95.3,85.6,1.8,0.7,1.6,1.1,0.5,3.9,88.3,11.7,10071.0,44.7,92.4,1.6,0.7,7.5,0.0,0.7,1.3,23.0,12.0,64.0,0.8961261759999999,1,0
Wenham,98.7,67.6,2.2,128056.0,2.1,97.5,79.0,5.9,2.2,2.5,7.3,2.5,0.0,90.0,10.0,5240.0,28.3,93.4,3.0,0.0,3.9,0.1,0.7,5.4,20.0,19.0,60.0,1.069083396,1,0
Middleton,91.4,39.3,5.1,125204.0,2.8,95.1,65.4,17.8,1.0,1.6,3.3,0.0,10.0,88.4,11.6,9872.0,42.9,96.0,3.8,1.0,1.6,0.2,1.0,6.2,19.0,16.0,64.0,1.165939139,1,0
Wayland,98.1,80.9,1.4,185906.0,2.9,93.2,82.2,8.5,2.4,1.1,0.2,1.4,3.0,91.5,8.5,14088.0,44.0,87.3,1.5,0.1,13.7,0.2,0.5,5.0,29.0,10.0,60.0,0.795614776,4,0
Millis,97.3,52.4,2.2,106164.0,1.5,94.5,68.2,7.6,4.2,4.5,3.0,6.8,5.9,82.3,17.7,8233.0,45.4,93.7,2.3,0.0,1.8,0.0,2.5,2.3,24.0,14.0,60.0,0.754223827,1,2
Shutesbury,97.7,67.2,8.0,80625.0,8.8,81.0,92.9,2.1,2.7,1.3,0.5,0.0,0.5,90.3,9.7,1478.0,47.3,96.5,1.6,3.4,3.7,0.1,2.0,3.9,45.0,4.0,50.0,0.574894118,0,2
Tyngsborough,96.0,48.5,4.3,113489.0,4.7,96.7,72.7,11.0,3.4,1.8,2.8,0.8,7.5,82.8,17.2,12443.0,42.7,90.2,0.9,0.1,10.7,0.0,0.6,4.5,20.0,13.0,66.0,1.2743839240000001,1,2
Monterey,93.8,55.1,1.7,80417.0,5.1,45.1,94.9,0.7,1.9,0.6,1.9,0.0,0.0,86.4,13.6,836.0,56.8,98.0,0.4,0.2,0.4,0.0,1.3,0.8,41.0,10.0,48.0,0.533390591,0,2
North Andover,95.9,59.7,3.8,108070.0,5.6,94.5,53.0,10.6,6.3,5.3,5.4,8.7,10.5,71.4,28.6,30842.0,38.9,88.1,4.6,0.3,7.1,0.0,2.2,7.6,23.0,15.0,61.0,1.305835742,1,2
Wrentham,97.3,51.4,4.5,126613.0,3.8,98.0,81.1,5.7,2.9,3.6,2.6,2.4,1.7,84.9,15.1,11823.0,43.4,95.8,3.2,0.1,1.0,0.0,0.2,2.9,18.0,17.0,63.0,1.076647727,1,0
Sterling,97.5,52.8,3.3,121458.0,2.8,95.1,87.8,5.9,2.9,1.8,1.1,0.0,0.4,90.5,9.5,8091.0,46.8,97.7,1.7,0.0,0.6,0.0,1.1,5.1,17.0,18.0,64.0,0.941875,1,0
Williamsburg,95.2,40.3,2.3,82574.0,7.8,87.5,80.4,2.6,9.2,6.2,0.0,1.2,0.5,79.1,20.9,2443.0,47.8,100.0,0.0,0.0,0.0,0.0,0.0,1.1,40.0,6.0,53.0,0.9028169009999999,0,2
Medway,95.7,59.0,2.7,132823.0,4.8,95.7,81.6,3.3,4.5,3.5,3.5,0.2,3.5,89.9,10.1,13325.0,41.6,94.5,3.5,0.8,2.9,0.0,2.0,2.6,21.0,14.0,64.0,1.068928315,1,0
Buckland,95.4,36.1,8.7,60347.0,15.0,77.2,83.5,0.0,16.5,0.0,0.0,0.0,0.0,100.0,0.0,113.0,60.4,100.0,15.0,15.0,15.0,0.0,0.0,0.0,29.0,6.0,64.0,0.54433871,0,4
Rowe,93.0,33.2,0.7,63750.0,17.7,71.8,93.3,0.6,0.0,2.1,0.0,0.0,0.3,92.4,7.6,639.0,39.2,98.6,1.4,3.6,0.0,0.0,0.9,3.9,20.0,11.0,68.0,1.080930233,0,4
Pembroke,96.4,38.8,4.1,103905.0,3.5,96.5,80.9,5.5,3.8,0.6,3.4,2.2,3.1,84.8,15.2,18380.0,43.8,97.1,1.5,0.8,1.8,0.0,1.2,1.5,21.0,14.0,64.0,1.0772611840000001,1,2
Mashpee,97.6,41.4,3.7,77019.0,4.2,61.9,75.3,11.7,0.7,3.9,4.7,1.3,1.0,86.6,13.4,14148.0,52.7,88.1,4.8,5.7,2.8,0.2,1.3,0.6,23.0,15.0,60.0,0.940014648,0,2
Becket,95.3,31.9,5.0,75250.0,6.4,51.2,97.4,0.8,0.4,0.2,0.0,0.0,0.0,92.4,7.6,2443.0,52.2,95.9,3.8,1.2,0.3,0.0,1.9,3.3,28.0,13.0,59.0,0.352355256,0,2
Dalton,94.6,35.1,3.0,68915.0,4.8,95.9,67.5,0.6,15.4,8.9,1.6,2.9,1.9,75.8,24.2,6769.0,50.7,97.9,0.4,0.3,1.6,0.0,0.1,2.1,27.0,11.0,61.0,1.424027027,0,4
Hampden,93.6,35.3,7.6,91646.0,2.6,94.3,92.3,3.1,2.5,1.1,0.6,0.0,0.4,91.4,8.7,5178.0,51.5,97.2,0.2,0.6,1.0,0.0,1.8,3.7,16.0,19.0,63.0,0.53365,0,2
Plainfield,96.7,45.3,3.8,60000.0,6.8,82.9,88.8,2.5,3.9,0.8,0.0,0.0,0.0,81.8,18.2,648.0,52.0,96.1,2.5,1.9,2.3,0.0,0.9,4.0,29.0,6.0,64.0,0.723526786,0,4
Ashland,95.8,58.5,2.2,124130.0,3.9,96.2,56.9,17.7,5.2,10.2,3.3,0.9,5.9,82.6,17.4,17710.0,42.0,84.4,3.1,0.9,11.8,0.0,1.9,7.0,27.0,10.0,62.0,0.786901195,1,0
Berkley,95.1,35.7,2.0,103182.0,2.5,96.9,95.0,3.4,0.0,0.6,0.0,0.0,0.0,96.9,3.1,6730.0,43.2,98.6,0.4,0.2,0.0,1.1,1.4,0.1,19.0,14.0,65.0,0.880431115,1,2
Lakeville,95.3,39.0,3.3,106633.0,3.7,91.3,87.0,1.7,1.8,2.4,1.4,0.5,4.2,84.8,15.2,11420.0,44.3,96.5,2.7,1.1,1.0,0.1,0.9,2.8,15.0,16.0,66.0,0.8539304809999999,1,2
Southampton,94.5,41.6,4.4,104577.0,2.5,100.0,89.1,2.0,1.5,0.6,4.5,0.0,2.2,90.9,9.1,6144.0,47.9,97.3,1.3,0.0,3.1,0.0,0.0,0.0,22.0,14.0,63.0,0.96742515,1,2
Hanover,96.5,48.7,4.1,127981.0,3.0,97.5,85.3,1.5,3.5,2.7,1.6,0.3,4.8,88.1,11.9,14459.0,41.9,97.7,1.7,0.0,0.4,0.0,0.9,0.6,20.0,15.0,64.0,1.1945620000000001,1,0
Swansea,88.7,23.9,4.7,86637.0,4.7,95.9,90.0,0.4,4.8,1.3,1.7,0.4,0.3,88.2,11.8,16567.0,45.8,98.2,0.2,0.4,1.8,0.0,0.9,0.5,26.0,12.0,60.0,0.8187192120000001,0,2
Canton,96.1,55.1,3.9,105919.0,4.1,96.2,62.6,5.8,4.0,2.5,10.2,7.4,7.4,76.4,23.6,23369.0,42.6,84.3,6.2,0.6,8.2,0.1,2.6,4.1,30.0,11.0,57.0,1.146101354,1,2
Middleborough,95.4,26.2,3.7,83631.0,7.4,93.4,67.4,5.7,6.2,5.1,3.9,4.3,1.8,80.3,19.7,24802.0,44.8,96.3,2.6,0.9,1.1,0.1,0.9,2.4,18.0,14.0,67.0,1.023377102,5,2
Wareham,92.6,28.7,4.5,63805.0,11.7,76.6,79.1,3.5,2.2,3.4,4.7,1.3,3.3,64.6,35.4,10608.0,43.5,89.0,8.4,3.1,1.3,0.8,5.2,4.1,23.0,12.0,63.0,0.8619206688000001,0,4
Hinsdale,92.4,30.4,3.7,63947.0,11.2,73.0,76.7,1.4,2.4,8.3,2.0,0.0,0.0,81.7,18.3,2567.0,51.1,99.4,0.5,0.6,0.3,0.2,1.3,1.6,24.0,10.0,65.0,0.832327273,0,4
Ludlow,82.6,22.9,4.5,73458.0,8.7,94.3,70.6,5.0,11.0,3.5,2.6,3.4,3.1,72.9,27.1,21291.0,44.1,94.9,2.1,0.3,2.4,0.0,3.0,8.6,31.0,13.0,54.0,0.918060675,0,2
North Attleborough,92.4,40.6,3.4,90558.0,8.6,96.3,54.9,4.0,4.1,13.5,4.8,7.6,8.7,65.8,34.2,27474.0,40.1,90.1,3.0,0.3,7.2,0.4,2.2,6.0,19.0,16.0,64.0,0.826082926,5,2
Raynham,93.4,40.5,4.4,101826.0,5.4,96.8,69.2,0.4,2.8,2.1,7.1,3.4,7.5,81.2,18.8,14488.0,42.3,96.9,1.7,0.0,2.4,0.0,1.3,2.0,21.0,14.0,63.0,0.9126347309999999,1,2
Weston,99.0,82.8,4.0,207702.0,7.6,95.5,85.7,2.7,1.0,4.1,0.7,0.4,5.1,85.8,14.2,12112.0,45.1,82.3,2.2,0.2,16.4,0.0,2.8,3.8,25.0,15.0,59.0,1.210998228,4,0
Savoy,87.4,19.5,6.0,58125.0,7.1,80.5,88.7,0.0,0.0,1.6,0.3,0.0,0.5,91.8,8.2,680.0,52.3,90.9,10.1,0.9,0.0,0.0,0.1,3.2,15.0,5.0,77.0,0.714195402,0,4
Seekonk,92.0,40.8,3.0,90078.0,5.3,92.9,84.0,1.3,5.2,3.3,1.4,0.9,3.0,83.8,16.2,15441.0,45.0,95.9,2.3,0.1,1.9,0.5,2.5,2.5,20.0,12.0,67.0,0.8941365459999999,0,2
Bolton,98.9,68.9,1.7,173024.0,1.1,93.9,91.7,3.0,3.3,0.4,0.0,0.6,1.0,93.5,6.5,5299.0,43.0,95.2,0.5,0.0,5.8,0.5,0.6,1.4,21.0,16.0,62.0,0.45829108,4,0
East Bridgewater,95.9,30.5,4.2,90528.0,6.3,97.6,81.7,4.4,4.7,3.6,3.1,1.2,1.1,80.9,19.1,14466.0,37.8,93.0,5.0,0.5,3.5,0.0,1.6,2.1,19.0,14.0,65.0,1.3234090059999999,0,2
Sheffield,97.9,33.9,4.8,100909.0,8.3,70.3,80.6,4.3,5.4,6.1,1.5,0.0,2.1,84.7,15.3,2017.0,53.2,100.0,0.0,0.0,0.0,0.0,0.0,2.3,31.0,13.0,55.0,0.8859154929999999,1,2
Halifax,95.7,30.6,2.4,92774.0,4.9,98.4,70.7,8.4,2.3,1.8,1.9,0.0,0.0,90.8,9.2,7842.0,41.7,96.6,2.7,0.1,0.4,0.0,0.7,0.7,18.0,14.0,66.0,0.333660468,0,2
West Bridgewater,96.2,35.4,3.9,97404.0,4.6,92.7,77.4,4.3,6.8,3.3,2.6,0.3,0.0,86.6,13.4,7198.0,43.9,97.2,3.1,0.0,1.0,0.0,0.0,3.1,19.0,16.0,64.0,1.2696928140000001,1,2
Gill,96.9,49.5,3.6,67917.0,8.6,92.9,83.0,3.5,4.0,5.3,0.0,1.8,0.6,81.7,18.3,1596.0,48.8,91.1,6.0,0.7,3.0,0.0,0.3,0.6,28.0,8.0,62.0,0.585107632,0,4
Eastham,97.9,50.3,4.8,71981.0,8.3,38.4,95.0,3.0,1.4,0.6,0.0,0.0,0.1,90.7,9.3,4876.0,60.2,93.7,1.7,1.3,3.6,0.0,1.0,0.9,29.0,12.0,58.0,1.315416334,0,4
Bernardston,96.0,28.4,5.1,66771.0,7.9,88.0,84.3,0.8,5.2,1.2,1.2,1.9,0.0,80.6,19.4,2532.0,50.5,99.4,0.0,0.0,0.0,0.0,0.8,0.4,20.0,9.0,69.0,0.836,0,4
Norfolk,92.1,52.8,3.4,151279.0,1.1,95.5,89.3,6.9,1.6,0.3,1.9,0.0,0.0,95.6,4.4,11309.0,41.8,88.7,7.3,0.3,2.0,0.0,3.4,7.1,19.0,18.0,63.0,1.140301318,4,0
Sherborn,99.7,83.6,3.2,198681.0,5.8,95.3,91.5,3.9,0.6,0.0,1.3,0.0,2.7,96.0,4.0,4316.0,46.6,92.6,1.6,0.0,8.4,0.0,1.0,2.2,26.0,15.0,58.0,1.4115277780000002,4,0
Auburn,94.7,40.5,5.0,85432.0,3.1,96.1,77.7,4.6,2.9,4.7,3.1,1.4,2.4,84.9,15.1,16619.0,45.0,96.0,1.8,0.8,2.1,0.1,0.7,4.6,25.0,11.0,62.0,1.152405532,0,2
Shelburne,93.0,44.5,6.5,62966.0,10.3,87.5,65.9,2.9,14.3,10.3,3.2,0.7,0.6,68.1,31.9,3852.0,52.5,95.1,1.3,0.2,4.6,0.5,0.0,1.1,33.0,6.0,60.0,0.690846154,0,4
Millbury,92.9,32.5,6.9,85781.0,4.4,93.0,60.8,10.2,9.9,7.3,6.0,1.7,3.9,73.3,26.7,13732.0,44.9,94.4,3.0,0.5,2.9,0.5,1.5,1.2,23.0,12.0,64.0,0.701102468,0,2
Conway,98.4,62.3,4.4,96563.0,1.9,87.0,90.5,3.0,4.4,0.0,0.0,0.3,1.5,85.5,14.5,1929.0,51.1,99.3,0.0,0.6,0.2,0.0,0.5,2.7,38.0,9.0,51.0,1.087700617,1,2
Marion,93.8,51.4,4.4,81928.0,4.0,78.3,93.3,1.2,1.2,0.3,0.7,0.8,2.5,80.3,19.7,5132.0,50.2,91.7,2.9,0.0,3.3,0.0,6.0,4.4,22.0,16.0,60.0,0.639242151,0,2
Chilmark,99.4,61.9,5.1,96061.0,10.3,29.2,98.0,0.9,0.6,0.0,0.0,0.0,0.0,79.7,20.3,1753.0,47.4,89.9,4.6,9.8,1.2,0.0,0.6,6.7,46.0,5.0,48.0,0.39555555600000003,1,2
Acushnet,84.9,22.2,3.6,80221.0,4.3,96.6,84.3,1.6,2.1,5.2,1.5,0.5,0.2,86.8,13.2,10529.0,47.1,94.3,1.3,1.0,2.2,0.0,4.5,3.4,27.0,8.0,64.0,1.223592314,0,2
Chelmsford,97.2,59.5,4.3,126081.0,3.2,97.3,74.1,4.7,2.3,1.4,1.3,5.6,9.4,84.5,15.5,25754.0,44.7,88.9,0.7,0.4,10.6,0.0,0.8,2.9,22.0,12.0,65.0,1.108876744,1,0
Acton,96.4,74.7,4.1,141265.0,3.1,98.2,63.2,6.3,3.7,2.7,2.9,9.7,11.1,74.3,25.7,22791.0,44.1,71.7,1.8,0.4,27.9,0.3,0.6,3.3,29.0,9.0,61.0,0.810189811,1,0
Westford,97.6,67.4,3.0,144917.0,2.1,96.8,81.5,7.8,1.1,1.4,2.8,1.1,4.0,86.2,13.8,24342.0,43.2,79.0,0.9,0.5,21.2,0.0,0.0,1.5,21.0,12.0,66.0,1.255470919,1,0
Amherst,95.8,66.4,5.8,61159.0,26.0,89.4,45.6,4.7,9.9,9.5,10.8,9.3,10.0,49.0,51.0,30014.0,23.4,80.2,8.8,1.4,12.7,0.7,2.3,7.5,49.0,4.0,45.0,1.02619665,5,1
Leicester,91.3,29.4,3.7,81042.0,8.1,96.5,77.9,2.1,3.1,0.7,3.2,4.3,7.6,75.8,24.2,6654.0,42.3,96.8,3.4,0.1,1.2,0.1,0.0,2.4,24.0,11.0,64.0,1.1129923464,0,2
Ashfield,96.7,47.1,4.8,70761.0,10.0,80.2,83.5,0.8,8.9,2.4,2.9,1.4,0.0,81.2,18.8,1276.0,55.2,98.1,0.5,0.9,2.8,0.0,1.8,3.1,33.0,6.0,60.0,1.232900943,0,2
Erving,90.7,17.7,7.6,62727.0,11.8,90.4,70.9,4.6,9.6,9.1,0.0,0.7,3.8,79.1,20.9,1380.0,45.5,96.4,1.9,2.0,1.4,0.0,0.9,3.7,21.0,9.0,69.0,0.845382003,0,4
Berlin,96.4,50.5,2.9,99297.0,4.2,94.1,61.9,19.2,9.3,3.0,0.9,0.0,4.9,82.5,17.5,3182.0,49.7,98.7,0.4,0.0,2.4,0.0,0.0,0.2,19.0,12.0,67.0,1.008139535,1,2
Dartmouth,85.2,28.4,4.7,82963.0,7.3,95.3,77.7,1.7,2.4,3.0,1.4,6.5,7.0,77.1,22.9,22947.0,36.3,91.3,5.7,0.6,3.5,0.1,1.5,2.9,31.0,11.0,57.0,0.782741967,5,2
Egremont,92.9,41.2,3.6,69328.0,7.5,74.1,75.0,0.9,7.7,4.0,7.0,2.6,2.2,74.5,25.5,8525.0,49.6,94.1,3.2,0.2,1.1,0.2,2.3,5.7,42.0,7.0,50.0,0.71097561,0,4
Florida,85.1,23.4,5.4,44721.0,17.7,85.3,51.0,1.7,12.4,14.8,9.0,1.0,6.3,62.5,37.5,15466.0,43.2,94.8,4.4,1.8,1.0,0.2,2.8,5.8,17.0,10.0,72.0,1.559763033,0,4
Hamilton,98.2,69.3,1.6,127813.0,11.9,92.0,85.1,1.0,2.6,0.5,3.8,0.4,6.3,80.9,19.1,8031.0,41.1,92.9,1.0,0.2,6.5,0.2,0.5,1.5,20.0,16.0,63.0,0.891755046,1,0
Middlefield,100.0,24.1,0.0,49643.0,4.1,72.7,100.0,0.0,0.0,0.0,0.0,0.0,0.0,96.5,3.5,268.0,61.2,94.4,0.0,4.9,2.6,0.0,0.0,0.0,29.0,16.0,55.0,1.027052023,0,4
Monroe,100.0,10.4,11.9,28750.0,14.9,70.0,91.4,2.9,2.9,2.9,0.0,0.0,0.0,73.5,26.5,87.0,57.1,100.0,0.0,0.0,0.0,0.0,0.0,0.0,7.0,7.0,85.0,0.773287671,0,4
Mount Washington,97.1,58.6,0.0,67500.0,8.0,57.5,90.3,0.5,8.1,1.1,0.0,0.0,0.0,84.1,15.9,488.0,50.1,88.1,0.2,8.4,0.4,0.2,2.9,7.8,29.0,7.0,64.0,0.350547945,0,4
New Marlborough,91.3,52.3,3.9,68438.0,8.9,61.6,94.4,1.7,2.2,0.0,0.9,0.0,0.0,89.9,10.1,540.0,59.4,98.7,1.5,0.0,0.0,0.0,0.6,0.6,31.0,12.0,55.0,1.160458453,0,4
Phillipston,90.5,19.9,8.4,57987.0,13.0,87.4,71.7,2.4,8.1,6.2,4.4,3.0,2.4,74.3,25.7,13486.0,43.8,95.2,2.8,0.7,1.5,0.0,3.3,4.9,14.0,14.0,70.0,0.804388298,0,4
Truro,88.9,41.5,4.2,70921.0,1.9,17.9,81.0,5.3,1.9,5.1,1.5,0.7,1.5,81.1,18.9,687.0,60.6,100.0,0.0,0.0,0.0,0.0,0.0,0.0,40.0,6.0,53.0,0.454035245,0,2
Tyringham,99.4,42.8,1.7,71250.0,20.4,62.5,93.8,6.3,0.0,0.0,0.0,0.0,0.0,77.5,22.5,206.0,55.5,92.7,1.0,0.0,0.0,0.0,6.3,15.0,30.0,12.0,58.0,0.9044390240000001,0,2
West Tisbury,98.0,54.3,2.4,95351.0,6.0,43.5,97.7,0.0,1.6,0.7,0.0,0.0,0.0,87.5,12.5,2418.0,54.9,97.1,3.4,1.4,1.0,0.3,0.6,2.6,41.0,6.0,52.0,0.7741176470000001,1,2
Westhampton,96.4,39.3,6.6,67119.0,8.6,93.7,56.7,4.6,11.1,10.3,6.5,5.6,5.0,63.6,36.4,17818.0,45.0,95.9,2.4,0.4,3.1,0.0,1.3,4.2,22.0,9.0,68.0,0.970175879,0,4
Whately,98.7,55.3,2.1,91563.0,8.0,97.5,90.8,4.2,5.0,0.0,0.0,0.0,0.0,94.0,6.0,313.0,52.3,100.0,0.0,0.0,0.0,0.0,0.0,0.0,28.0,11.0,59.0,0.629391304,0,2
Yarmouth,282.9,116.5,10.6,197781.0,19.6,191.7,237.2,22.1,6.8,5.3,7.1,4.8,16.6,240.5,59.5,22074.0,164.5,278.0,10.7,2.2,8.9,1.5,7.0,9.1,25.0,15.0,59.0,1.010588128,4,0
